group	motion	source_path	frames	fps	duration_s	root_z_min	root_z_max	root_up_z_min	tracking_body_z_min	review_hint	notes
punching	accad_e1_jab_left_t800_tracking	/data2/yangky/test/whole_body_tracking/artifacts/boxing_T800/accad_combat_batch/accad_e1_jab_left_t800_tracking.npz	41	50.000	0.820	0.7150	0.8169	0.9665	-0.1063	check	tracking_body_below_floor=-0.1063m
punching	accad_e2_jab_right_t800_tracking	/data2/yangky/test/whole_body_tracking/artifacts/boxing_T800/accad_combat_batch/accad_e2_jab_right_t800_tracking.npz	35	50.000	0.700	0.7106	0.7504	0.9733	-0.0799	check	tracking_body_below_floor=-0.0799m
punching	accad_e5_hook_left_t800_tracking	/data2/yangky/test/whole_body_tracking/artifacts/boxing_T800/accad_combat_batch/accad_e5_hook_left_t800_tracking.npz	33	50.000	0.660	0.6831	0.8059	0.9680	-0.1207	check	tracking_body_below_floor=-0.1207m
punching	accad_e6_hook_right_t800_tracking	/data2/yangky/test/whole_body_tracking/artifacts/boxing_T800/accad_combat_batch/accad_e6_hook_right_t800_tracking.npz	32	50.000	0.640	0.7237	0.7706	0.9825	-0.0943	check	tracking_body_below_floor=-0.0943m
punching	MA_Punching_Techniques_00001_t800_tracking	/data2/yangky/test/datasets/MotionDecode_T800_aligned/tracking_npz/samples/4.Martial_Arts/Punching_Techniques/MA_Punching_Techniques_00001_t800_tracking.npz	449	50.000	8.980	1.0270	1.0572	0.7947	0.0284	normal_numeric_hint	
punching	MA_Punching_Techniques_00002_t800_tracking	/data2/yangky/test/datasets/MotionDecode_T800_aligned/tracking_npz/samples/4.Martial_Arts/Punching_Techniques/MA_Punching_Techniques_00002_t800_tracking.npz	449	50.000	8.980	0.9837	1.0407	0.8070	0.0137	normal_numeric_hint	
punching	MA_Punching_Techniques_00003_t800_tracking	/data2/yangky/test/datasets/MotionDecode_T800_aligned/tracking_npz/samples/4.Martial_Arts/Punching_Techniques/MA_Punching_Techniques_00003_t800_tracking.npz	449	50.000	8.980	1.0100	1.0591	0.7632	0.0328	normal_numeric_hint	
punching	MA_Punching_Techniques_00004_t800_tracking	/data2/yangky/test/datasets/MotionDecode_T800_aligned/tracking_npz/samples/4.Martial_Arts/Punching_Techniques/MA_Punching_Techniques_00004_t800_tracking.npz	449	50.000	8.980	1.0314	1.0846	0.7097	0.0110	normal_numeric_hint	
punching	MA_Punching_Techniques_00005_t800_tracking	/data2/yangky/test/datasets/MotionDecode_T800_aligned/tracking_npz/samples/4.Martial_Arts/Punching_Techniques/MA_Punching_Techniques_00005_t800_tracking.npz	450	50.000	9.000	1.0347	1.0734	0.8084	0.0297	normal_numeric_hint	
punching	MA_Punching_Techniques_00006_t800_tracking	/data2/yangky/test/datasets/MotionDecode_T800_aligned/tracking_npz/samples/4.Martial_Arts/Punching_Techniques/MA_Punching_Techniques_00006_t800_tracking.npz	450	50.000	9.000	1.0078	1.0332	0.8105	0.0171	normal_numeric_hint	
punching	MA_Punching_Techniques_00007_t800_tracking	/data2/yangky/test/datasets/MotionDecode_T800_aligned/tracking_npz/samples/4.Martial_Arts/Punching_Techniques/MA_Punching_Techniques_00007_t800_tracking.npz	450	50.000	9.000	1.0290	1.0712	0.6960	0.0234	normal_numeric_hint	
punching	MA_Punching_Techniques_00008_t800_tracking	/data2/yangky/test/datasets/MotionDecode_T800_aligned/tracking_npz/samples/4.Martial_Arts/Punching_Techniques/MA_Punching_Techniques_00008_t800_tracking.npz	450	50.000	9.000	1.0262	1.0670	0.7416	0.0110	normal_numeric_hint	
punching	MA_Punching_Techniques_00009_t800_tracking	/data2/yangky/test/datasets/MotionDecode_T800_aligned/tracking_npz/samples/4.Martial_Arts/Punching_Techniques/MA_Punching_Techniques_00009_t800_tracking.npz	396	50.000	7.920	1.0170	1.0734	0.7869	0.0162	normal_numeric_hint	
punching	MA_Punching_Techniques_00010_t800_tracking	/data2/yangky/test/datasets/MotionDecode_T800_aligned/tracking_npz/samples/4.Martial_Arts/Punching_Techniques/MA_Punching_Techniques_00010_t800_tracking.npz	396	50.000	7.920	1.0032	1.0458	0.7794	0.0170	normal_numeric_hint	
punching	MA_Punching_Techniques_00011_t800_tracking	/data2/yangky/test/datasets/MotionDecode_T800_aligned/tracking_npz/samples/4.Martial_Arts/Punching_Techniques/MA_Punching_Techniques_00011_t800_tracking.npz	396	50.000	7.920	1.0177	1.0786	0.7345	0.0274	normal_numeric_hint	
punching	MA_Punching_Techniques_00012_t800_tracking	/data2/yangky/test/datasets/MotionDecode_T800_aligned/tracking_npz/samples/4.Martial_Arts/Punching_Techniques/MA_Punching_Techniques_00012_t800_tracking.npz	396	50.000	7.920	1.0554	1.1153	0.5848	0.0220	normal_numeric_hint	
punching	MA_Punching_Techniques_00013_t800_tracking	/data2/yangky/test/datasets/MotionDecode_T800_aligned/tracking_npz/samples/4.Martial_Arts/Punching_Techniques/MA_Punching_Techniques_00013_t800_tracking.npz	449	50.000	8.980	1.0196	1.0747	0.6990	0.0259	normal_numeric_hint	
punching	MA_Punching_Techniques_00014_t800_tracking	/data2/yangky/test/datasets/MotionDecode_T800_aligned/tracking_npz/samples/4.Martial_Arts/Punching_Techniques/MA_Punching_Techniques_00014_t800_tracking.npz	449	50.000	8.980	0.9934	1.0422	0.8048	0.0168	normal_numeric_hint	
punching	MA_Punching_Techniques_00015_t800_tracking	/data2/yangky/test/datasets/MotionDecode_T800_aligned/tracking_npz/samples/4.Martial_Arts/Punching_Techniques/MA_Punching_Techniques_00015_t800_tracking.npz	449	50.000	8.980	1.0227	1.0694	0.7179	0.0271	normal_numeric_hint	
punching	MA_Punching_Techniques_00016_t800_tracking	/data2/yangky/test/datasets/MotionDecode_T800_aligned/tracking_npz/samples/4.Martial_Arts/Punching_Techniques/MA_Punching_Techniques_00016_t800_tracking.npz	449	50.000	8.980	1.0589	1.1251	0.6012	0.0196	normal_numeric_hint	
punching	MA_Punching_Techniques_00017_t800_tracking	/data2/yangky/test/datasets/MotionDecode_T800_aligned/tracking_npz/samples/4.Martial_Arts/Punching_Techniques/MA_Punching_Techniques_00017_t800_tracking.npz	746	50.000	14.920	0.9938	1.1219	0.6928	0.0260	normal_numeric_hint	
punching	MA_Punching_Techniques_00018_t800_tracking	/data2/yangky/test/datasets/MotionDecode_T800_aligned/tracking_npz/samples/4.Martial_Arts/Punching_Techniques/MA_Punching_Techniques_00018_t800_tracking.npz	746	50.000	14.920	0.9979	1.1274	0.6811	0.0285	normal_numeric_hint	
punching	MA_Punching_Techniques_00019_t800_tracking	/data2/yangky/test/datasets/MotionDecode_T800_aligned/tracking_npz/samples/4.Martial_Arts/Punching_Techniques/MA_Punching_Techniques_00019_t800_tracking.npz	746	50.000	14.920	0.9812	1.2248	0.3852	0.0388	normal_numeric_hint	
punching	MA_Punching_Techniques_00020_t800_tracking	/data2/yangky/test/datasets/MotionDecode_T800_aligned/tracking_npz/samples/4.Martial_Arts/Punching_Techniques/MA_Punching_Techniques_00020_t800_tracking.npz	746	50.000	14.920	0.9486	1.2324	0.2006	0.0433	check	punch_root_tilt_high_up_z_min=0.201
punching	MA_Punching_Techniques_00021_t800_tracking	/data2/yangky/test/datasets/MotionDecode_T800_aligned/tracking_npz/samples/4.Martial_Arts/Punching_Techniques/MA_Punching_Techniques_00021_t800_tracking.npz	743	50.000	14.860	1.0018	1.0821	0.6867	0.0258	normal_numeric_hint	
punching	MA_Punching_Techniques_00022_t800_tracking	/data2/yangky/test/datasets/MotionDecode_T800_aligned/tracking_npz/samples/4.Martial_Arts/Punching_Techniques/MA_Punching_Techniques_00022_t800_tracking.npz	743	50.000	14.860	0.9847	1.2635	0.7196	0.0295	normal_numeric_hint	
punching	MA_Punching_Techniques_00023_t800_tracking	/data2/yangky/test/datasets/MotionDecode_T800_aligned/tracking_npz/samples/4.Martial_Arts/Punching_Techniques/MA_Punching_Techniques_00023_t800_tracking.npz	743	50.000	14.860	1.0039	1.2160	0.4468	0.0442	normal_numeric_hint	
punching	MA_Punching_Techniques_00024_t800_tracking	/data2/yangky/test/datasets/MotionDecode_T800_aligned/tracking_npz/samples/4.Martial_Arts/Punching_Techniques/MA_Punching_Techniques_00024_t800_tracking.npz	743	50.000	14.860	0.9805	1.2362	0.4451	0.0277	normal_numeric_hint	
punching	MA_Punching_Techniques_00025_t800_tracking	/data2/yangky/test/datasets/MotionDecode_T800_aligned/tracking_npz/samples/4.Martial_Arts/Punching_Techniques/MA_Punching_Techniques_00025_t800_tracking.npz	622	50.000	12.440	1.0068	1.0830	0.6636	0.0103	normal_numeric_hint	
punching	MA_Punching_Techniques_00026_t800_tracking	/data2/yangky/test/datasets/MotionDecode_T800_aligned/tracking_npz/samples/4.Martial_Arts/Punching_Techniques/MA_Punching_Techniques_00026_t800_tracking.npz	622	50.000	12.440	1.0015	1.1449	0.6588	0.0280	normal_numeric_hint	
punching	MA_Punching_Techniques_00027_t800_tracking	/data2/yangky/test/datasets/MotionDecode_T800_aligned/tracking_npz/samples/4.Martial_Arts/Punching_Techniques/MA_Punching_Techniques_00027_t800_tracking.npz	622	50.000	12.440	1.0058	1.3369	0.3938	0.0521	normal_numeric_hint	
punching	MA_Punching_Techniques_00028_t800_tracking	/data2/yangky/test/datasets/MotionDecode_T800_aligned/tracking_npz/samples/4.Martial_Arts/Punching_Techniques/MA_Punching_Techniques_00028_t800_tracking.npz	622	50.000	12.440	0.9570	1.2666	0.4877	0.0428	normal_numeric_hint	
punching	MA_Punching_Techniques_00029_t800_tracking	/data2/yangky/test/datasets/MotionDecode_T800_aligned/tracking_npz/samples/4.Martial_Arts/Punching_Techniques/MA_Punching_Techniques_00029_t800_tracking.npz	562	50.000	11.240	1.0018	1.1440	0.5168	0.0166	normal_numeric_hint	
punching	MA_Punching_Techniques_00030_t800_tracking	/data2/yangky/test/datasets/MotionDecode_T800_aligned/tracking_npz/samples/4.Martial_Arts/Punching_Techniques/MA_Punching_Techniques_00030_t800_tracking.npz	562	50.000	11.240	1.0116	1.1734	0.6034	0.0349	normal_numeric_hint	
punching	MA_Punching_Techniques_00031_t800_tracking	/data2/yangky/test/datasets/MotionDecode_T800_aligned/tracking_npz/samples/4.Martial_Arts/Punching_Techniques/MA_Punching_Techniques_00031_t800_tracking.npz	562	50.000	11.240	0.9984	1.3292	0.5390	0.0471	normal_numeric_hint	
punching	MA_Punching_Techniques_00032_t800_tracking	/data2/yangky/test/datasets/MotionDecode_T800_aligned/tracking_npz/samples/4.Martial_Arts/Punching_Techniques/MA_Punching_Techniques_00032_t800_tracking.npz	562	50.000	11.240	0.9725	1.3009	0.3566	0.0381	normal_numeric_hint	
punching	MA_Punching_Techniques_00033_t800_tracking	/data2/yangky/test/datasets/MotionDecode_T800_aligned/tracking_npz/samples/4.Martial_Arts/Punching_Techniques/MA_Punching_Techniques_00033_t800_tracking.npz	623	50.000	12.460	0.9093	1.0960	0.9843	0.0153	normal_numeric_hint	
punching	MA_Punching_Techniques_00034_t800_tracking	/data2/yangky/test/datasets/MotionDecode_T800_aligned/tracking_npz/samples/4.Martial_Arts/Punching_Techniques/MA_Punching_Techniques_00034_t800_tracking.npz	623	50.000	12.460	0.8913	1.0757	0.9882	0.0203	normal_numeric_hint	
punching	MA_Punching_Techniques_00035_t800_tracking	/data2/yangky/test/datasets/MotionDecode_T800_aligned/tracking_npz/samples/4.Martial_Arts/Punching_Techniques/MA_Punching_Techniques_00035_t800_tracking.npz	623	50.000	12.460	0.8449	1.0691	0.9610	0.0328	normal_numeric_hint	
punching	MA_Punching_Techniques_00036_t800_tracking	/data2/yangky/test/datasets/MotionDecode_T800_aligned/tracking_npz/samples/4.Martial_Arts/Punching_Techniques/MA_Punching_Techniques_00036_t800_tracking.npz	623	50.000	12.460	0.9464	1.1641	0.3615	0.0389	normal_numeric_hint	
punching	MA_Punching_Techniques_00037_t800_tracking	/data2/yangky/test/datasets/MotionDecode_T800_aligned/tracking_npz/samples/4.Martial_Arts/Punching_Techniques/MA_Punching_Techniques_00037_t800_tracking.npz	713	50.000	14.260	0.8953	1.0849	0.9797	0.0175	normal_numeric_hint	
punching	MA_Punching_Techniques_00038_t800_tracking	/data2/yangky/test/datasets/MotionDecode_T800_aligned/tracking_npz/samples/4.Martial_Arts/Punching_Techniques/MA_Punching_Techniques_00038_t800_tracking.npz	713	50.000	14.260	0.8781	1.0889	0.9656	0.0270	normal_numeric_hint	
punching	MA_Punching_Techniques_00039_t800_tracking	/data2/yangky/test/datasets/MotionDecode_T800_aligned/tracking_npz/samples/4.Martial_Arts/Punching_Techniques/MA_Punching_Techniques_00039_t800_tracking.npz	713	50.000	14.260	0.9132	1.2049	0.5405	0.0418	normal_numeric_hint	
punching	MA_Punching_Techniques_00040_t800_tracking	/data2/yangky/test/datasets/MotionDecode_T800_aligned/tracking_npz/samples/4.Martial_Arts/Punching_Techniques/MA_Punching_Techniques_00040_t800_tracking.npz	713	50.000	14.260	0.9724	1.1108	0.6258	0.0547	normal_numeric_hint	
punching	MA_Punching_Techniques_00041_t800_tracking	/data2/yangky/test/datasets/MotionDecode_T800_aligned/tracking_npz/samples/4.Martial_Arts/Punching_Techniques/MA_Punching_Techniques_00041_t800_tracking.npz	593	50.000	11.860	0.9145	1.1019	0.9823	0.0246	normal_numeric_hint	
punching	MA_Punching_Techniques_00042_t800_tracking	/data2/yangky/test/datasets/MotionDecode_T800_aligned/tracking_npz/samples/4.Martial_Arts/Punching_Techniques/MA_Punching_Techniques_00042_t800_tracking.npz	593	50.000	11.860	0.8888	1.1900	0.9343	0.0312	normal_numeric_hint	
punching	MA_Punching_Techniques_00043_t800_tracking	/data2/yangky/test/datasets/MotionDecode_T800_aligned/tracking_npz/samples/4.Martial_Arts/Punching_Techniques/MA_Punching_Techniques_00043_t800_tracking.npz	593	50.000	11.860	0.8670	1.1131	0.9749	0.0408	normal_numeric_hint	
punching	MA_Punching_Techniques_00044_t800_tracking	/data2/yangky/test/datasets/MotionDecode_T800_aligned/tracking_npz/samples/4.Martial_Arts/Punching_Techniques/MA_Punching_Techniques_00044_t800_tracking.npz	593	50.000	11.860	0.9267	1.1626	0.4428	0.0421	normal_numeric_hint	
required_retargeted	accad_e3_cross_left_stageii	/data2/yangky/test/whole_body_tracking/artifacts/required_motion_T800/gmr_pkl/accad_e3_cross_left_stageii.pkl	98	30.000	3.267	0.7311	0.8134	0.9274		normal_numeric_hint	
required_retargeted	accad_e4_cross_right_stageii	/data2/yangky/test/whole_body_tracking/artifacts/required_motion_T800/gmr_pkl/accad_e4_cross_right_stageii.pkl	73	29.796	2.450	0.7804	0.8770	0.8642		normal_numeric_hint	
required_retargeted	fall_male1_crouch_to_prone_stageii	/data2/yangky/test/whole_body_tracking/artifacts/required_motion_T800/gmr_pkl/fall_male1_crouch_to_prone_stageii.pkl	198	30.000	6.600	0.2718	0.7520	0.0651		normal_numeric_hint	
required_retargeted	fall_male1_crouch_to_supine_stageii	/data2/yangky/test/whole_body_tracking/artifacts/required_motion_T800/gmr_pkl/fall_male1_crouch_to_supine_stageii.pkl	236	29.905	7.892	0.2255	0.6738	-0.0017		normal_numeric_hint	
required_retargeted	fall_male2_crouch_to_supine_stageii	/data2/yangky/test/whole_body_tracking/artifacts/required_motion_T800/gmr_pkl/fall_male2_crouch_to_supine_stageii.pkl	172	30.000	5.733	0.2988	0.7710	-0.0803		normal_numeric_hint	
required_retargeted	getup_female1_supine_to_crouch_stageii	/data2/yangky/test/whole_body_tracking/artifacts/required_motion_T800/gmr_pkl/getup_female1_supine_to_crouch_stageii.pkl	131	30.000	4.367	0.2380	0.7941	-0.3844		normal_numeric_hint	
required_retargeted	getup_male1_supine_to_crouch_stageii	/data2/yangky/test/whole_body_tracking/artifacts/required_motion_T800/gmr_pkl/getup_male1_supine_to_crouch_stageii.pkl	225	29.900	7.525	0.1866	0.4996	0.0271		normal_numeric_hint	
required_retargeted	getup_male2_supine_to_crouch_stageii	/data2/yangky/test/whole_body_tracking/artifacts/required_motion_T800/gmr_pkl/getup_male2_supine_to_crouch_stageii.pkl	142	29.947	4.742	0.2487	0.5492	-0.0099		normal_numeric_hint	
required_retargeted	transition_male2_crouch_to_ready_stageii	/data2/yangky/test/whole_body_tracking/artifacts/required_motion_T800/gmr_pkl/transition_male2_crouch_to_ready_stageii.pkl	112	29.800	3.758	0.4930	0.9134	0.7315		normal_numeric_hint	
